Color,Laurent Tirard,78,120,2,80,Ludivine Sagnier,809,634277,Comedy|History,Romain Duris,Molière ,5166,1651,Fabrice Luchini,1,deathbed|play|playwright|prison|theater,http://www.imdb.com/title/tt0796335/?ref_=fn_tt_tt_1,27,French,France,PG-13,16000000,2007,521,7.3,2.35,815
Color,John Curran,138,105,43,827,Milla Jovovich,22000,1796024,Drama|Thriller,Robert De Niro,Stone ,34985,37766,Frances Conroy,1,arsonist|blood splatter on face|deception|parole|parole officer,http://www.imdb.com/title/tt1423995/?ref_=fn_tt_tt_1,135,English,USA,R,22000000,2010,14000,5.4,2.35,0
Color,Frank Oz,168,87,0,548,Ewen Bremner,22000,8579684,Comedy,Peter Dinklage,Death at a Funeral ,89547,24324,Kris Marshall,0,end credits roll call|four word title|funeral|secret|uncle,http://www.imdb.com/title/tt0795368/?ref_=fn_tt_tt_1,199,English,USA,R,9000000,2007,557,7.4,1.85,0
Color,Scott Cooper,288,116,108,120,Sam Shepard,23000,11326836,Crime|Drama|Thriller,Christian Bale,Out of the Furnace ,83171,24134,Dendrie Taylor,0,ambiguous ending|brother brother relationship|drug dealer|fight club|revenge,http://www.imdb.com/title/tt1206543/?ref_=fn_tt_tt_1,231,English,USA,R,22000000,2013,820,6.8,2.35,17000
Color,Woody Allen,275,112,11000,159,Judy Davis,385,16684352,Comedy|Romance,Ornella Muti,To Rome with Love ,67893,1205,Alessandra Mastronardi,0,architect|celebrity|prostitute|shower|tourist,http://www.imdb.com/title/tt1859650/?ref_=fn_tt_tt_1,163,English,USA,R,17000000,2012,223,6.3,1.85,18000
Color,Peter Segal,27,101,88,812,Bradley Whitford,957,22294341,Adventure|Comedy,Wilford Brimley,My Fellow Americans ,12278,4629,Sela Ward,3,gay pride|highway travel|president|road movie|u.s. president,http://www.imdb.com/title/tt0117119/?ref_=fn_tt_tt_1,71,English,USA,PG-13,21500000,1996,821,6.5,1.85,758
Color,Mark Pellington,155,117,89,442,Spencer Treat Clark,12000,24362501,Crime|Drama|Thriller,Jeff Bridges,Arlington Road ,69980,13576,Hope Davis,1,death|fbi|fbi agent|neighbor|professor,http://www.imdb.com/title/tt0137363/?ref_=fn_tt_tt_1,591,English,USA,R,21500000,1999,541,7.2,2.35,0
Color,Brian Robbins,85,106,48,39,D.B. Sweeney,18000,40219708,Drama|Sport,Keanu Reeves,Hardball ,22649,18630,DeWayne Warren,3,coach|gambling|housing project|little league|little league baseball,http://www.imdb.com/title/tt0180734/?ref_=fn_tt_tt_1,131,English,USA,PG-13,21000000,2001,558,6.3,1.85,0
Color,Stuart Gillard,60,96,8,199,John Aylward,533,42660000,Action|Adventure|Comedy|Family|Fantasy|Sci-Fi,Paige Turco,Teenage Mutant Ninja Turtles III ,25086,1254,Matt Hill,0,battle|japan|magic|samurai|turtle,http://www.imdb.com/title/tt0108308/?ref_=fn_tt_tt_1,87,English,USA,PG,17000000,1993,219,4.8,1.85,1000
Color,Clint Eastwood,43,136,16000,216,Warren Clarke,16000,46700000,Action|Adventure|Thriller,Clint Eastwood,Firefox ,19832,16805,Kenneth Colley,1,fighter plane|jet fighter|refueling|russia|soviet union,http://www.imdb.com/title/tt0083943/?ref_=fn_tt_tt_1,98,English,USA,PG,21000000,1982,281,5.9,2.35,0
Color,Tony Gilroy,299,119,209,521,Denis O'Hare,1000,49024969,Crime|Drama|Mystery|Thriller,Tom Wilkinson,Michael Clayton ,133367,3284,Sydney Pollack,0,attorney|debt|fixer|law|law firm,http://www.imdb.com/title/tt0465538/?ref_=fn_tt_tt_1,363,English,USA,R,25000000,2007,896,7.3,2.35,0
Color,Trey Parker,163,81,406,406,Eric Idle,893,52008288,Animation|Comedy|Fantasy|Musical,Minnie Driver,South Park: Bigger Longer & Uncut ,162037,3003,Trey Parker,1,boy|canada|hell|misunderstanding|refrence to liza minnelli,http://www.imdb.com/title/tt0158983/?ref_=fn_tt_tt_1,928,English,USA,R,21000000,1999,795,7.8,1.85,0
