Color,Nick Cassavetes,177,123,415,545,Kevin Connolly,33000,64286,Drama|Romance,Ryan Gosling,The Notebook ,396396,34495,Gena Rowlands,0,class differences|letter|nursing home|second chance|summer love,http://www.imdb.com/title/tt0332280/?ref_=fn_tt_tt_1,1111,English,USA,PG-13,29000000,2004,638,7.9,2.35,57000
Color,Anne Fletcher,175,111,98,71,Bern Cohen,2000,76806312,Comedy|Romance,Judy Greer,27 Dresses ,124501,2978,Yetta Gottesman,1,boss|bridesmaid|friend|love|wedding,http://www.imdb.com/title/tt0988595/?ref_=fn_tt_tt_1,154,English,USA,PG-13,30000000,2008,805,6.1,2.35,0
Color,Stephen Hillenburg,89,87,47,217,Bill Fagerbakke,19000,85416609,Adventure|Animation|Comedy|Family|Fantasy,Scarlett Johansson,The SpongeBob SquarePants Movie ,58906,20097,Rodger Bumpass,0,based on tv series|crown|dream|king neptune|plankton,http://www.imdb.com/title/tt0345950/?ref_=fn_tt_tt_1,186,English,USA,PG,30000000,2004,542,7.0,1.85,0
Color,Clint Eastwood,229,138,16000,262,Spencer Treat Clark,616,90135191,Crime|Drama|Mystery|Thriller,John Doman,Mystic River ,338415,1942,Tom Guiry,0,ballistics|detective|friend|gun|sexual abuse,http://www.imdb.com/title/tt0327056/?ref_=fn_tt_tt_1,935,English,USA,R,25000000,2003,541,8.0,2.35,12000
Color,David Fincher,216,127,21000,360,Brad Pitt,11000,100125340,Crime|Drama|Mystery|Thriller,Morgan Freeman,Se7en ,1023511,22678,Reg E. Cathey,0,detective|police partner|serial killer|serial murder|seven deadly sins,http://www.imdb.com/title/tt0114369/?ref_=fn_tt_tt_1,1080,English,USA,R,33000000,1995,11000,8.6,2.35,39000
Color,Clint Eastwood,268,132,16000,567,Morgan Freeman,16000,100422786,Drama|Sport,Clint Eastwood,Million Dollar Baby ,482064,28830,Mike Colter,1,boxing|boxing trainer|death|suicide attempt|women boxing,http://www.imdb.com/title/tt0405159/?ref_=fn_tt_tt_1,1106,English,USA,PG-13,30000000,2004,11000,8.1,2.35,14000
Color,Hugh Wilson,50,103,37,452,Elizabeth Berkley,944,105444419,Comedy,Stockard Channing,The First Wives Club ,31817,3143,Stephen Collins,3,cult film|female therapist|revenge|revenge motive|therapy session,http://www.imdb.com/title/tt0116313/?ref_=fn_tt_tt_1,117,English,USA,PG,26000000,1996,893,6.2,1.85,0
Color,Harold Ramis,145,103,11000,636,Chazz Palminteri,22000,106694016,Comedy|Crime,Robert De Niro,Analyze This ,123940,24333,Molly Shannon,2,analyst|mafia|patient|psychiatrist|wedding,http://www.imdb.com/title/tt0122933/?ref_=fn_tt_tt_1,337,English,USA,R,30000000,1999,979,6.7,1.85,0
Color,Garry Marshall,108,111,0,529,Hector Elizondo,11000,108244774,Comedy|Family|Romance,Anne Hathaway,The Princess Diaries ,94049,13645,Heather Matarazzo,2,cinderella story|fish out of water|makeover|manners|princess,http://www.imdb.com/title/tt0247638/?ref_=fn_tt_tt_1,301,English,USA,G,37000000,2001,995,6.2,1.85,0
Color,Steve Oedekerk,59,90,176,460,Bob Gunton,531,108360000,Adventure|Comedy,Bruce Spence,Ace Ventura: When Nature Calls ,160321,2203,Sophie Okonedo,0,africa|bat|hawaiian shirt|pregnancy|pregnant,http://www.imdb.com/title/tt0112281/?ref_=fn_tt_tt_1,178,English,USA,PG-13,30000000,1995,461,6.3,2.35,0
Color,Barry Sonnenfeld,55,99,188,436,Raul Julia,1000,113502246,Comedy|Fantasy,Anjelica Huston,The Addams Family ,96607,3696,Carel Struycken,0,accountant|loan shark|macabre|uncle|uncle fester,http://www.imdb.com/title/tt0101272/?ref_=fn_tt_tt_1,125,English,USA,PG-13,38000000,1991,1000,6.8,1.85,5000
Black and White,Rawson Marshall Thurber,191,92,43,936,Stephen Root,989,114324072,Comedy|Sport,Gary Cole,Dodgeball: A True Underdog Story ,185338,4730,Joel David Moore,0,dodgeball|gym|las vegas|pirate|ups,http://www.imdb.com/title/tt0364725/?ref_=fn_tt_tt_1,392,English,USA,PG-13,20000000,2004,939,6.7,2.35,0
Color,Neill Blomkamp,472,112,662,107,Jed Brophy,2000,115646235,Action|Sci-Fi|Thriller,Sharlto Copley,District 9 ,531737,2639,Jason Cope,0,alien|ghetto|prawn|refugee|refugee camp,http://www.imdb.com/title/tt1136608/?ref_=fn_tt_tt_1,1262,English,South Africa,R,30000000,2009,433,8.0,1.85,22000
Color,Lee Daniels,304,132,304,898,David Oyelowo,15000,116631310,Biography|Drama,Alex Pettyfer,Lee Daniels' The Butler ,87665,20035,Vanessa Redgrave,0,butler|civil rights|hotel|president|white house,http://www.imdb.com/title/tt1327773/?ref_=fn_tt_tt_1,323,English,USA,PG-13,30000000,2013,1000,7.2,1.85,41000
Color,John McTiernan,104,135,323,495,Jeffrey Jones,826,122012643,Action|Adventure|Thriller,Scott Glenn,The Hunt for Red October ,143696,2575,Courtney B. Vance,1,analyst|defection|navy|soviet submarine|submarine,http://www.imdb.com/title/tt0099810/?ref_=fn_tt_tt_1,241,English,USA,PG,30000000,1990,692,7.6,2.35,0
