Color,Albert Hughes,208,122,117,140,Jason Flemyng,40000,31598308,Horror|Mystery|Thriller,Johnny Depp,From Hell ,124765,41636,Ian Richardson,1,freemason|jack the ripper|opium|prostitute|victorian era,http://www.imdb.com/title/tt0120681/?ref_=fn_tt_tt_1,541,English,USA,R,35000000,2001,1000,6.8,2.35,0
Color,David R. Ellis,127,94,160,167,Valerie Cruz,550,32003620,Action|Crime|Thriller,Richard Burgi,Cellular ,79141,1102,Will Beinbrink,1,cell phone|distress signal|family in danger|police|stealing a car,http://www.imdb.com/title/tt0337921/?ref_=fn_tt_tt_1,355,English,USA,PG-13,25000000,2004,216,6.5,2.35,2000
Color,Frank Oz,25,96,0,563,Vincent Kartheiser,1000,35617599,Drama|Family|Fantasy,Steve Coogan,The Indian in the Cupboard ,20688,2965,David Keith,1,best friend|birthday|boy|friend|magic,http://www.imdb.com/title/tt0113419/?ref_=fn_tt_tt_1,47,English,USA,PG,45000000,1995,845,5.9,1.85,0
Color,Wayne Wang,99,112,61,501,Alicia Witt,1000,38360195,Adventure|Comedy|Drama,LL Cool J,Last Holiday ,21215,3757,Timothy Hutton,1,chef|congressman|cook|hotel|senator,http://www.imdb.com/title/tt0408985/?ref_=fn_tt_tt_1,116,English,USA,PG-13,45000000,2006,976,6.4,2.35,0
Color,Frank Coraci,173,117,153,734,Adam Sandler,35000,46280507,Comedy|Romance,Bella Thorne,Blended ,87165,49743,Joel McHale,0,blind date|children|date|daughter|son,http://www.imdb.com/title/tt1086772/?ref_=fn_tt_tt_1,184,English,USA,PG-13,40000000,2014,11000,6.5,1.85,12000
Color,Curtis Hanson,42,111,161,132,Glenn Morshower,11000,46815748,Action|Adventure|Crime|Thriller,Meryl Streep,The River Wild ,32544,12161,William Lucking,1,criminal|rafting|river|robber|white water rafting,http://www.imdb.com/title/tt0110997/?ref_=fn_tt_tt_1,69,English,USA,PG-13,45000000,1994,894,6.3,2.35,0
Black and White,Oliver Stone,339,141,0,404,Shea Whigham,749,47307550,Crime|Drama|Thriller,Demián Bichir,Savages ,104301,1948,Gary Stretch,4,arms tied overhead|damsel in distress|dea|marijuana|southern california,http://www.imdb.com/title/tt1615065/?ref_=fn_tt_tt_1,269,English,USA,R,45000000,2012,463,6.5,2.35,28000
Color,Joel Zwick,59,93,38,631,Nick Zano,1000,48114556,Comedy|Family|Fantasy|Romance,Dania Ramirez,Fat Albert ,9380,4604,Alice Greczyn,1,animated sequence|junkyard|love|party|television,http://www.imdb.com/title/tt0396592/?ref_=fn_tt_tt_1,91,English,USA,PG,26000000,2004,641,4.3,2.35,531
Color,Russell Mulcahy,216,94,85,443,Mike Epps,14000,50648679,Action|Horror|Sci-Fi|Thriller,Milla Jovovich,Resident Evil: Extinction ,149549,16225,James Tumminia,1,clone|convoy|crow|desert|satellite,http://www.imdb.com/title/tt0432021/?ref_=fn_tt_tt_1,348,English,France,R,45000000,2007,706,6.3,2.35,0
Color,Garth Jennings,276,109,37,651,Kelly Macdonald,11000,51019112,Adventure|Comedy|Sci-Fi,Zooey Deschanel,The Hitchhiker's Guide to the Galaxy ,155745,14073,Thomas Lennon,0,alien|friend|galaxy|hyperspace|spaceship,http://www.imdb.com/title/tt0371724/?ref_=fn_tt_tt_1,1053,English,USA,PG,50000000,2005,2000,6.8,2.35,10000
Color,Jesse Dylan,94,95,58,3000,Will Ferrell,14000,52580895,Comedy|Family|Romance|Sport,Josh Hutcherson,Kicking & Screaming ,30255,27351,Robert Duvall,1,book|child|slapstick comedy|soccer|suburb,http://www.imdb.com/title/tt0384642/?ref_=fn_tt_tt_1,118,English,USA,PG,45000000,2005,8000,5.6,2.35,743
Color,Ron Shelton,48,135,41,808,Cheech Marin,982,53854588,Comedy|Drama|Romance|Sport,Don Johnson,Tin Cup ,37911,3648,Rene Russo,0,driving range|golf|golfer|tournament|winnebago,http://www.imdb.com/title/tt0117918/?ref_=fn_tt_tt_1,73,English,USA,R,45000000,1996,843,6.3,2.35,1000
Color,Luis Llosa,38,110,49,20,Rod Steiger,13000,57362581,Action|Crime|Drama|Romance|Thriller,Sylvester Stallone,The Specialist ,50148,13331,Emilio Estefan Jr.,2,bomb|cia|explosive|explosives expert|miami florida,http://www.imdb.com/title/tt0111255/?ref_=fn_tt_tt_1,116,English,Peru,R,45000000,1994,279,5.4,1.85,0
