Color,Michael Winterbottom,225,109,187,204,Ned Beatty,818,214966,Crime|Drama|Thriller,Liam Aiken,The Killer Inside Me ,28483,1813,Jay R. Ferguson,0,deputy|murder|revenge|sheriff|texas,http://www.imdb.com/title/tt0954947/?ref_=fn_tt_tt_1,176,English,USA,R,13000000,2010,467,6.1,2.35,0
Color,Abel Ferrara,48,99,220,599,Vincent Gallo,812,1227324,Crime|Drama,Isabella Rossellini,The Funeral ,6921,3337,Gretchen Mol,3,1930s|madness|murder|new york city|violence,http://www.imdb.com/title/tt0116378/?ref_=fn_tt_tt_1,48,English,USA,R,12500000,1996,787,6.6,1.85,344
Color,Gillian Armstrong,28,132,44,241,Richard Roxburgh,1000,1508689,Drama|Romance,Tom Wilkinson,Oscar and Lucinda ,5648,2004,Clive Russell,2,australia|church|glass|inheritance|wager,http://www.imdb.com/title/tt0119843/?ref_=fn_tt_tt_1,50,English,USA,R,16000000,1997,653,6.7,2.35,329
Color,Lars von Trier,177,140,3000,322,Udo Kier,963,4157491,Crime|Drama|Musical,Catherine Deneuve,Dancer in the Dark ,79330,2894,Björk,0,ends with quotation|execution|factory|women's prison|year 1964,http://www.imdb.com/title/tt0168629/?ref_=fn_tt_tt_1,690,English,Denmark,R,12800000,2000,595,8.0,2.35,0
Color,Brian Koppelman,116,90,34,506,David Costabile,966,4360548,Comedy|Drama|Romance,Jenna Fischer,Solitary Man ,13371,2661,Richard Schiff,7,aging|hdtv|high definition television|love|marriage,http://www.imdb.com/title/tt1294213/?ref_=fn_tt_tt_1,60,English,USA,R,15000000,2009,681,6.4,1.85,0
Color,Craig Gillespie,226,106,44,552,Kelli Garner,33000,5949693,Comedy|Drama|Romance,Ryan Gosling,Lars and the Real Girl ,114762,34351,Paul Schneider,1,in love with an inanimate object|internet|introvert|psychologist|sex doll,http://www.imdb.com/title/tt0805564/?ref_=fn_tt_tt_1,299,English,USA,PG-13,12000000,2007,730,7.4,1.85,19000
Color,Mark Herman,185,94,39,18,Sheila Hancock,77,9030581,Drama|War,Richard Johnson,The Boy in the Striped Pajamas ,132386,156,Cara Horgan,0,boy|fence|jew|nazis|poison gas,http://www.imdb.com/title/tt0914798/?ref_=fn_tt_tt_1,398,English,UK,PG-13,12500000,2008,32,7.8,1.85,38000
Color,James Foley,120,100,164,99,Al Pacino,18000,10725228,Crime|Drama|Mystery,Kevin Spacey,Glengarry Glen Ross ,75675,32288,Jude Ciccolella,1,office|pressure|real estate|robbery|sales,http://www.imdb.com/title/tt0104348/?ref_=fn_tt_tt_1,365,English,USA,R,12500000,1992,14000,7.8,2.35,0
Color,Stewart Hendler,167,101,10,472,Margo Harshman,1000,11956207,Horror|Mystery,Julian Morris,Sorority Row ,24012,3142,Rumer Willis,2,prank gone wrong|scantily clad female|shotgun|sorority house|stabbed in the neck,http://www.imdb.com/title/tt1232783/?ref_=fn_tt_tt_1,126,English,USA,R,16000000,2009,668,5.1,2.35,0
Color,Tony Scott,122,121,12000,975,Gary Oldman,11000,12281500,Action|Crime|Drama|Romance|Thriller,Brad Pitt,True Romance ,163492,23602,Michael Rapaport,3,aspiring actor|cocaine|drugs|pimp|suitcase full of money,http://www.imdb.com/title/tt0108399/?ref_=fn_tt_tt_1,460,English,USA,R,13000000,1993,10000,8.0,2.35,15000
Color,Michael Hoffman,83,109,97,355,Embeth Davidtz,13000,14060950,Drama,Gabriel Millman,The Emperor's Club ,14354,14347,Rob Morrow,1,classroom|fund raising|headmaster|reunion|roman,http://www.imdb.com/title/tt0283530/?ref_=fn_tt_tt_1,139,English,USA,PG-13,12500000,2002,795,6.9,1.85,0
Color,Denzel Washington,121,117,18000,543,Kevin Connolly,18000,21078145,Biography|Drama,Denzel Washington,Antwone Fisher ,26493,20456,Derek Luke,0,black american|extortion|navy|psychiatrist|sailor,http://www.imdb.com/title/tt0168786/?ref_=fn_tt_tt_1,159,English,USA,PG-13,12500000,2002,638,7.3,2.35,0
Color,Ethan Maniquis,391,105,20,844,Don Johnson,22000,26589953,Action|Crime|Thriller,Robert De Niro,Machete ,165792,26233,Cheech Marin,1,machete|mexican|mexico|priest|texas,http://www.imdb.com/title/tt0985694/?ref_=fn_tt_tt_1,392,English,USA,R,10500000,2010,982,6.7,1.85,44000
