Color,,53,55,,2,Olaf Lubaszenko,20,447093,Drama,Krystyna Janda,Dekalog             ,12591,25,Olgierd Lukaszewicz,0,meaning of life|moral challenge|morality|search for meaning|ten commandments,http://www.imdb.com/title/tt0092337/?ref_=fn_tt_tt_1,37,Polish,Poland,TV-MA,,,3,9.1,1.33,0
Black and White,Stephen Chow,246,85,0,51,Karen Mok,478,488872,Action|Comedy|Sport,Wei Zhao,Shaolin Soccer ,56923,700,Kwok-Kwan Chan,2,cult film|kung fu|martial arts|shaolin|soccer,http://www.imdb.com/title/tt0286112/?ref_=fn_tt_tt_1,243,Cantonese,Hong Kong,PG,10000000,2001,83,7.3,1.85,0
Color,Joshua Seftel,79,107,0,91,Sergej Trifunovic,603,578527,Action|Comedy|Thriller,Bashar Rahal,"War, Inc. ",20008,988,Ned Bellamy,3,assassin|corporation|pop star|reporter|satire,http://www.imdb.com/title/tt0884224/?ref_=fn_tt_tt_1,112,English,USA,R,10000000,2008,175,5.7,1.78,883
Color,Guy Ritchie,71,89,0,119,Jeanne Tripplehorn,990,598645,Comedy|Romance,Bruce Greenwood,Swept Away ,13145,2006,David Thornton,0,island|sailor|storm|stranded|vacation,http://www.imdb.com/title/tt0291502/?ref_=fn_tt_tt_1,215,English,UK,R,10000000,2002,711,3.6,1.85,725
Color,John Turturro,36,119,0,54,Ben Gazzara,816,836641,Drama,Beverly D'Angelo,Illuminata ,1402,1585,George DiCenzo,0,critic|new york|new york city|playwright|theater critic,http://www.imdb.com/title/tt0120709/?ref_=fn_tt_tt_1,40,English,Spain,R,,1998,623,6.2,1.85,74
Color,Kar-Wai Wong,192,95,0,20,Norah Jones,20000,866778,Drama|Romance,Natalie Portman,My Blueberry Nights ,44208,20364,Adriane Lenox,3,blueberry pie|diner|nevada|new york city|pie,http://www.imdb.com/title/tt0765120/?ref_=fn_tt_tt_1,117,English,Hong Kong,PG-13,10000000,2007,329,6.7,2.35,0
Color,Bob Odenkirk,51,93,0,622,Lee Majors,966,900926,Comedy,Jenna Fischer,The Brothers Solomon ,9517,3307,Will Forte,2,antarctica|coma|neighbor|phd|pregnancy,http://www.imdb.com/title/tt0784972/?ref_=fn_tt_tt_1,46,English,USA,R,10000000,2007,799,5.3,1.85,319
Color,Richard Kwietniowski,82,104,23,232,Minnie Driver,22000,1011054,Crime|Drama|Thriller,Philip Seymour Hoffman,Owning Mahowny ,10585,23513,Maury Chaykin,1,bank|bank fraud|bank manager|gambling|toronto,http://www.imdb.com/title/tt0285861/?ref_=fn_tt_tt_1,83,English,Canada,R,10000000,2003,893,7.2,2.35,0
Color,John Waters,90,87,0,503,Melanie Griffith,975,1276984,Comedy|Crime|Thriller,Alicia Witt,Cecil B. DeMented ,11403,3059,Kevin Nealon,2,actress|drive in|female protagonist|movie star|woman shot in the forehead,http://www.imdb.com/title/tt0173716/?ref_=fn_tt_tt_1,150,English,France,R,10000000,2000,537,6.2,1.85,795
Color,Douglas McGrath,80,132,41,1000,Anne Hathaway,16000,1309849,Drama|Romance,Charlie Hunnam,Nicholas Nickleby ,9395,29177,Jim Broadbent,1,boy|boys' school|death|friend|orphan,http://www.imdb.com/title/tt0309912/?ref_=fn_tt_tt_1,103,English,UK,PG,10000000,2002,11000,7.2,2.35,0
Color,Derrick Borte,144,96,17,688,Gary Cole,2000,1474508,Comedy|Drama,Demi Moore,The Joneses ,33473,4607,Robert Pralgo,4,envy|fake family|gadget|materialism|unhappy marriage,http://www.imdb.com/title/tt1285309/?ref_=fn_tt_tt_1,88,English,USA,R,5000000,2009,989,6.5,2.35,0
Color,Ariel Vromen,221,106,34,683,James Franco,11000,1939441,Biography|Crime|Drama,Chris Evans,The Iceman ,55567,23187,Robert Davi,1,based on true story|contract killer|crime family|murder of a girl|serial murderer,http://www.imdb.com/title/tt1491044/?ref_=fn_tt_tt_1,144,English,USA,R,10000000,2012,11000,6.9,1.85,20000
Color,William Friedkin,376,98,607,251,Scott A. Martin,11000,1987762,Crime|Drama|Romance|Thriller,Matthew McConaughey,Killer Joe ,59297,11853,Carol Sutton,0,female nudity|female pubic hair|lingerie|neo noir|pubic hair,http://www.imdb.com/title/tt1726669/?ref_=fn_tt_tt_1,216,English,USA,R,11000000,2011,414,6.7,1.85,12000
