Color,Adam McKay,272,143,285,7000,Will Ferrell,11000,2175312,Comedy,Harrison Ford,Anchorman 2: The Legend Continues ,131227,28176,Steve Carell,2,fame|father son relationship|interracial kiss|interracial relationship|interracial sex,http://www.imdb.com/title/tt1229340/?ref_=fn_tt_tt_1,346,English,USA,PG-13,50000000,2013,8000,6.3,2.35,41000
Color,Paul Hunter,127,104,13,343,Mako,961,23020488,Action|Comedy|Fantasy,Jaime King,Bulletproof Monk ,42324,2422,Victoria Smurfit,3,monastery|monk|scroll|tibetan|tibetan monk,http://www.imdb.com/title/tt0245803/?ref_=fn_tt_tt_1,180,English,USA,PG-13,52000000,2003,691,5.5,2.35,846
Color,John Whitesell,71,93,14,728,Jorge Garcia,2000,35092918,Comedy|Family,Matthew Broderick,Deck the Halls ,15740,5468,Alia Shawkat,0,christmas|december|holiday|massachusetts|neighbor,http://www.imdb.com/title/tt0790604/?ref_=fn_tt_tt_1,110,English,USA,PG,,2006,1000,4.9,1.85,1000
Color,George Nolfi,413,106,53,593,Michael Kelly,13000,62453315,Romance|Sci-Fi|Thriller,Matt Damon,The Adjustment Bureau ,200035,14607,Jon Stewart,2,love at first sight|obscene finger gesture|rain|teleportation|three word title,http://www.imdb.com/title/tt1385826/?ref_=fn_tt_tt_1,407,English,USA,PG-13,50200000,2011,963,7.1,1.85,36000
Color,Steve Oedekerk,98,90,176,523,Wanda Sykes,677,72601713,Animation|Comedy|Family,Rob Paulsen,Barnyard ,21396,2055,Maurice LaMarche,1,cow|farmer|howl|howling at the moon|vegetarian,http://www.imdb.com/title/tt0414853/?ref_=fn_tt_tt_1,155,English,Germany,PG,51000000,2006,560,5.6,1.85,605
Color,Bobby Farrelly,155,116,101,79,Tony Cox,889,90567722,Comedy,Robert Forster,"Me, Myself & Irene ",185878,1711,Rob Moran,1,dissociative identity disorder|limousine|multiple personality|police|rhode island,http://www.imdb.com/title/tt0183505/?ref_=fn_tt_tt_1,481,English,USA,R,51000000,2000,624,6.5,1.85,0
Color,Donald Petrie,140,116,80,651,Adam Goldberg,11000,105807520,Comedy|Romance,Matthew McConaughey,How to Lose a Guy in 10 Days ,156717,14087,Thomas Lennon,2,advertising executive|diamond|magazine|party|wager,http://www.imdb.com/title/tt0251127/?ref_=fn_tt_tt_1,357,English,USA,PG-13,50000000,2003,1000,6.4,1.85,0
Color,Steven Soderbergh,169,131,0,658,Albert Finney,8000,125548685,Biography|Drama,Julia Roberts,Erin Brockovich ,135246,10003,Conchata Ferrell,0,contamination|corporate crime|environmental issue|female protagonist|working single mother,http://www.imdb.com/title/tt0195685/?ref_=fn_tt_tt_1,498,English,USA,R,52000000,2000,883,7.3,1.85,0
Color,Steven Brill,117,96,65,828,Adam Sandler,12000,126203320,Comedy|Romance,Steve Buscemi,Mr. Deeds ,110432,26826,Peter Gallagher,1,abbreviation in title|reporter|small town|sudden wealth|unknowing heir,http://www.imdb.com/title/tt0280590/?ref_=fn_tt_tt_1,309,English,USA,PG-13,50000000,2002,11000,5.8,1.85,0
Color,J.J. Abrams,539,112,14000,417,AJ Michalka,1000,126975169,Mystery|Sci-Fi|Thriller,Joel Courtney,Super 8 ,287822,3388,Zach Mills,0,deputy|group of friends|time|train|train crash,http://www.imdb.com/title/tt1650062/?ref_=fn_tt_tt_1,849,English,USA,PG-13,50000000,2011,560,7.1,2.35,37000
Color,Tom Shadyac,55,115,293,878,Philip Seymour Hoffman,49000,135014968,Biography|Comedy|Drama|Romance,Robin Williams,Patch Adams ,80580,74382,Monica Potter,1,doctor|hospital|mental institution|nurse|student,http://www.imdb.com/title/tt0129290/?ref_=fn_tt_tt_1,375,English,USA,PG-13,50000000,1998,22000,6.7,2.35,0
Color,James L. Brooks,156,139,274,285,Yeardley Smith,625,147637474,Comedy|Drama|Romance,Lupe Ontiveros,As Good as It Gets ,224671,1474,Shirley Knight,0,dog|friendship|neighbor|unlikely friendship|writer,http://www.imdb.com/title/tt0119822/?ref_=fn_tt_tt_1,470,English,USA,PG-13,50000000,1997,440,7.7,1.85,11000
Color,Cameron Crowe,109,139,488,597,Kelly Preston,10000,153620822,Comedy|Drama|Romance|Sport,Tom Cruise,Jerry Maguire ,189923,12182,Bonnie Hunt,0,agent|career|client|fiance|sports agent,http://www.imdb.com/title/tt0116695/?ref_=fn_tt_tt_1,318,English,USA,R,50000000,1996,743,7.3,1.85,0
Color,Kevin Reynolds,67,155,58,720,Morgan Freeman,25000,165500000,Action|Adventure|Drama|Romance,Alan Rickman,Robin Hood: Prince of Thieves ,145257,38518,Michael Wincott,0,balladeer|crusades|england|king|modern minstrel,http://www.imdb.com/title/tt0102798/?ref_=fn_tt_tt_1,322,English,USA,PG-13,48000000,1991,11000,6.9,1.85,0
Color,Phil Lord,330,112,97,584,Craig Roberts,17000,191616238,Action|Comedy|Crime,Channing Tatum,22 Jump Street ,258186,19428,Amber Stevens West,2,college|drugs|hidden camera|tattoo|undercover,http://www.imdb.com/title/tt2294449/?ref_=fn_tt_tt_1,322,English,USA,R,50000000,2014,920,7.1,2.35,24000
Color,Seth MacFarlane,457,112,3000,1000,Seth MacFarlane,15000,218628680,Comedy|Fantasy,Mila Kunis,Ted ,471644,21773,Tom Skerritt,1,2010s|car accident|sex scene|teddy bear|testicle,http://www.imdb.com/title/tt1637725/?ref_=fn_tt_tt_1,623,English,USA,R,50000000,2012,3000,7,1.85,74000
Color,Andrew Adamson,212,90,80,21,Chris Miller,145,267652016,Adventure|Animation|Comedy|Family|Fantasy,Kathleen Freeman,Shrek ,467113,275,Bobby Block,1,donkey|fairy tale|ogre|princess|swamp,http://www.imdb.com/title/tt0126029/?ref_=fn_tt_tt_1,945,English,USA,PG,60000000,2001,50,7.9,1.85,0
Color,Chris Weitz,299,130,129,12000,Kristen Stewart,21000,296623634,Adventure|Drama|Fantasy|Romance,Robert Pattinson,The Twilight Saga: New Moon ,220758,64040,Taylor Lautner,2,forks washington|protecting a woman|title same as book|vampire|werewolf,http://www.imdb.com/title/tt1259571/?ref_=fn_tt_tt_1,919,English,USA,PG-13,50000000,2009,17000,4.6,2.35,13000
